budget,adapter,arm,target,selection_target,seed,checkpoint,train_expected_gain,validation_expected_gain,test_expected_gain,test_corpus_gain,test_expected_shuffle_gain
1000,original,native,expected_gain,expected_gain,,fixed,0.0,0.0,0.0,0.0,0.0
1000,original,fixed_gate_rank,expected_gain,expected_gain,,fixed,0.0,0.0,0.0,0.0,0.0
1000,original,ridge,expected_gain,expected_gain,,penalty_1.0,0.0415021435350722,-0.015093150402671665,-0.016115640049225503,-0.009085955591086695,-0.021865669768743472
1000,original,no_output_mlp,expected_gain,expected_gain,20260925,step_200,0.045869137862652114,-0.007542108442424485,-0.01211609251802098,-0.006102910352715895,-0.010917144888044645
1000,original,no_output_mlp,expected_gain,expected_gain,20260926,step_200,0.04613984170885698,-0.008063732375326215,-0.011879504912366189,-0.015851670496737972,-0.01023055105069845
1000,original,no_output_mlp,expected_gain,expected_gain,20260927,step_200,0.04684012211809215,-0.00890926520634354,-0.011614433364003147,-0.012667923854329024,-0.00970913506668172
1000,original,full_output_mlp,expected_gain,expected_gain,20260925,step_200,0.04505740519274098,-0.011912214796721745,-0.011324154441955598,-0.011891810011825463,-0.016091695586859574
1000,original,full_output_mlp,expected_gain,expected_gain,20260926,step_200,0.04555668053112042,-0.00745101446984959,-0.008654172692316197,-0.011324170772290781,-0.01570832632677534
1000,original,full_output_mlp,expected_gain,expected_gain,20260927,step_200,0.043952584366023596,-0.011058259657775566,-0.008616455738111563,-0.006750286952702199,-0.01599058577163783
1000,original,native,observed_gain,observed_gain,,fixed,0.0,0.0,0.0,0.0,0.0
1000,original,fixed_gate_rank,observed_gain,observed_gain,,fixed,0.0,0.0,0.0,0.0,0.0
1000,original,ridge,observed_gain,observed_gain,,penalty_1.0,-0.02274276687619422,-0.021028012409575372,-0.020027934765983187,-0.022950771845801157,-0.025961600271019222
1000,original,no_output_mlp,observed_gain,observed_gain,20260925,step_200,-0.026560185554986925,-0.024634496320339094,-0.01779607693134272,-0.02816708110469804,-0.015715153161473754
1000,original,no_output_mlp,observed_gain,observed_gain,20260926,step_800,-0.02767588265082922,-0.02174913034261311,-0.012070191833939984,-0.02062263489242569,-0.014274489403533763
1000,original,no_output_mlp,observed_gain,observed_gain,20260927,step_200,-0.02906292556837048,-0.027457638861823768,-0.013016939301239679,-0.02296297681947235,-0.01630206625180918
1000,original,full_output_mlp,observed_gain,observed_gain,20260925,step_200,-0.026540548043851527,-0.023600444417141663,-0.02003757971299017,-0.016951688296882775,-0.02330689497635787
1000,original,full_output_mlp,observed_gain,observed_gain,20260926,step_200,-0.026982852572281706,-0.021959044924672412,-0.024351785193703394,-0.021098546054268984,-0.02211133960696568
1000,original,full_output_mlp,observed_gain,observed_gain,20260927,step_800,-0.026960321634038584,-0.013445831680770797,-0.018239265426792085,-0.020559595984980732,-0.020677307346636788
1000,residual,no_output_mlp,expected_gain,expected_gain,20260925,step_200,0.04453092411607772,-0.011476727157344314,-0.01392687933999737,-0.01620888785912502,-0.01241753065576822
1000,residual,no_output_mlp,expected_gain,expected_gain,20260926,step_200,0.04395622019063459,-0.007467023167814487,-0.014502698753822027,-0.014097589180158857,-0.01224757401114661
1000,residual,no_output_mlp,expected_gain,expected_gain,20260927,step_800,0.0493034829536328,-0.0077585377114531475,-0.013353270246760482,-0.013565960704819028,-0.01261397274224068
1000,residual,full_output_mlp,expected_gain,expected_gain,20260925,step_800,0.049749178141665705,-0.010586243287364667,-0.01054049029308093,-0.01196133450567581,-0.01402388791160774
1000,residual,full_output_mlp,expected_gain,expected_gain,20260926,step_800,0.04924459263564465,-0.00848809150304133,-0.007065591157791204,-0.009276828282798334,-0.013171969730659826
1000,residual,full_output_mlp,expected_gain,expected_gain,20260927,step_800,0.049468351079268676,-0.010387136301510077,-0.007519006035141749,-0.006129252063441601,-0.013920756559602128
10000,original,native,expected_gain,expected_gain,,fixed,0.0,0.0,0.0,0.0,0.0
10000,original,fixed_gate_rank,expected_gain,expected_gain,,fixed,0.0,0.0,0.0,0.0,0.0
10000,original,ridge,expected_gain,expected_gain,,penalty_1.0,0.015829484014444006,-0.006378673361963495,-0.009006754525403034,-0.004902775545503981,-0.018858857525353146
10000,original,no_output_mlp,expected_gain,expected_gain,20260925,step_200,0.007172145647148359,-0.004627002468073298,-0.004056614269565081,-0.0023708962925194027,-0.007869874797172993
10000,original,no_output_mlp,expected_gain,expected_gain,20260926,step_200,0.007257689969164124,-0.007453024311641973,-0.0052304526381022134,-0.011546267064738092,-0.01042605723558105
10000,original,no_output_mlp,expected_gain,expected_gain,20260927,step_200,0.00817710419521819,-0.004897968508210212,-0.005812462960258618,-0.00943315155691596,-0.008716870864476162
10000,original,full_output_mlp,expected_gain,expected_gain,20260925,step_200,0.007787417651055886,-0.008673711180190478,-0.00817784866552872,-0.009753207025705625,-0.01326943196962566
10000,original,full_output_mlp,expected_gain,expected_gain,20260926,step_200,0.008200913420115523,-0.010415952911549417,-0.0063925370221300315,-0.011231959384262732,-0.01573698672819485
10000,original,full_output_mlp,expected_gain,expected_gain,20260927,step_800,0.03304653350757999,-0.008705942245258707,-0.011455883775970625,-0.01573529851716074,-0.019250924672405183
10000,original,native,observed_gain,observed_gain,,fixed,0.0,0.0,0.0,0.0,0.0
10000,original,fixed_gate_rank,observed_gain,observed_gain,,fixed,0.0,0.0,0.0,0.0,0.0
10000,original,ridge,observed_gain,observed_gain,,penalty_0.1,-0.018892751772100966,-0.016050725438098244,-0.021739372932618243,-0.02641747017259242,-0.02557349508946978
10000,original,no_output_mlp,observed_gain,observed_gain,20260925,step_200,-0.013648710105285114,-0.009044460205913853,-0.0099883229815604,-0.0036079215817129253,-0.012525791223904213
10000,original,no_output_mlp,observed_gain,observed_gain,20260926,step_800,-0.023301087141746557,-0.017229952307277807,-0.013705339154592221,-0.019903311453715898,-0.02019744605992318
10000,original,no_output_mlp,observed_gain,observed_gain,20260927,step_200,-0.012401819711771376,-0.011277024154799552,-0.01082731199151976,-0.008718354246904097,-0.012329705873864266
10000,original,full_output_mlp,observed_gain,observed_gain,20260925,step_200,-0.021029374027193487,-0.01613980542134855,-0.018665560722840983,-0.028098311771186504,-0.022301404770155395
10000,original,full_output_mlp,observed_gain,observed_gain,20260926,step_200,-0.021819441515554514,-0.018531310604469036,-0.01780056109083784,-0.015599343784973352,-0.02327959992795562
10000,original,full_output_mlp,observed_gain,observed_gain,20260927,step_800,-0.02476738298207098,-0.017161644890798414,-0.018302048914619864,-0.02197085935548783,-0.023918757181269804
10000,residual,no_output_mlp,expected_gain,expected_gain,20260925,step_200,0.006490534483333155,-0.005259570003022025,-0.004862749710386034,-0.008366200629155966,-0.008427611489606248
10000,residual,no_output_mlp,expected_gain,expected_gain,20260926,step_200,0.005633810322069728,-0.007013233251316375,-0.006628327414223433,-0.012405471731628384,-0.009914480297498026
10000,residual,no_output_mlp,expected_gain,expected_gain,20260927,step_200,0.006946526504877116,-0.005988215795332998,-0.005150473925931961,-0.009348817391760666,-0.009126747801019306
10000,residual,full_output_mlp,expected_gain,expected_gain,20260925,step_800,0.0341710534841401,-0.009559205102113704,-0.013145649663928397,-0.014742682565913094,-0.0212239903937809
10000,residual,full_output_mlp,expected_gain,expected_gain,20260926,step_800,0.03231947972270174,-0.01067118241618466,-0.013019800979467923,-0.012575165230278778,-0.01954484527518944
10000,residual,full_output_mlp,expected_gain,expected_gain,20260927,step_200,0.008449790412653249,-0.01284035295500873,-0.009377044642491113,-0.01937128548435999,-0.017442765163636298
1000,readout,generic_readout,expected_gain,expected_gain,20260925,step_200,0.04519209874805342,-0.006657266979264179,-0.00690579479694154,-0.005467668126587063,-0.013318094581132381
1000,readout,generic_readout,expected_gain,expected_gain,20260926,step_800,0.049268512170876945,-0.0057227521999932,-0.005182861968182425,-0.0013813913228005294,-0.012593585326351667
1000,readout,generic_readout,expected_gain,expected_gain,20260927,step_200,0.04490656564174063,-0.004840275240176387,-0.007057423183453875,-0.004823153071329244,-0.014117433238741262
1000,readout,structured_readout,expected_gain,expected_gain,20260925,step_800,0.03926908829350426,-0.004858827931941705,-0.0064068764810798805,-0.009570969216455505,-0.019688017146517724
1000,readout,structured_readout,expected_gain,expected_gain,20260926,step_200,0.03996990523985288,-0.004218488290490031,-0.004685677024819319,-0.005963442337642517,-0.017870961792782563
1000,readout,structured_readout,expected_gain,expected_gain,20260927,step_200,0.04109788435941024,-0.006584483114642795,-0.004295911264372696,-0.006069923222983573,-0.0172046223765321
10000,readout,generic_readout,expected_gain,expected_gain,20260925,step_200,0.009890788293585674,-0.004844699472238749,-0.00906327077847051,-0.011773998961743389,-0.015785000135072766
10000,readout,generic_readout,expected_gain,expected_gain,20260926,step_800,0.0345933580225643,-0.007922885014125849,-0.010080685749523031,-0.013716012207352754,-0.018423517946948374
10000,readout,generic_readout,expected_gain,expected_gain,20260927,step_800,0.03454155970355013,-0.009059310760151729,-0.010147399541795544,-0.009147695687280978,-0.018485827803493216
10000,readout,structured_readout,expected_gain,expected_gain,20260925,step_200,0.011301428058096146,-0.009398182469546962,-0.008168437833693835,-0.01636127115719185,-0.020644759078570697
10000,readout,structured_readout,expected_gain,expected_gain,20260926,step_200,0.01145660491415121,-0.010161421581714321,-0.008532295499047458,-0.014214222348785109,-0.020424686135265893
10000,readout,structured_readout,expected_gain,expected_gain,20260927,step_200,0.01236911832132935,-0.008780963137271563,-0.007584514216211133,-0.01319551953237151,-0.021348795942690846
